CHROM	POS	Sample_14	Sample_18	Sample_19	Sample_20	Sample_21	Sample_4	Sample_5	Sample_6	Sample_7	Sample_8	Sample_c41	Sample_c42	Sample_c45	Sample_c47	Sample_c48	Sample_c51	Sample_c52	Sample_c54	Sample_c57	Sample_c61	Sample_c62	Sample_c63	Sample_c64	Sample_c65	Sample_c66	Sample_c73	Sample_c81	Sample_c82	Sample_c83	Sample_c84	Sample_c85	Sample_c87	Sample_c88	Sample_c89	Sample_c90	Sample_c91	Sample_c92	Sample_c93	Sample_c94	Sample_c95
Pt	2734	./.	./.	./.	./.	./.	./.	./.	./.	./.	./.	./.	./.	./.	./.	./.	./.	./.	./.	./.	./.	./.	./.	./.	./.	./.	./.	./.	./.	./.	./.	./.	./.	./.	./.	./.	./.	./.	./.	./.	./.	./.	0/1	0/1	0/1	0/1	
Pt	4870	./.	./.	./.	./.	./.	./.	./.	./.	./.	./.	./.	./.	./.	./.	./.	./.	./.	./.	./.	./.	./.	./.	./.	./.	./.	./.	./.	./.	./.	./.	./.	./.	./.	./.	./.	./.	./.	./.	./.	./.	./.	0/1	0/1	0/1	0/1	
Pt	5705	./.	./.	./.	./.	./.	./.	./.	./.	./.	./.	./.	./.	./.	./.	./.	./.	./.	./.	./.	./.	./.	./.	./.	./.	./.	./.	./.	./.	./.	./.	./.	./.	./.	./.	./.	./.	./.	./.	./.	./.	./.	0/1	0/1	0/1	0/1	
Pt	5943	./.	./.	./.	./.	./.	./.	./.	./.	./.	./.	./.	./.	./.	./.	./.	./.	./.	./.	./.	./.	./.	./.	./.	./.	./.	./.	./.	./.	./.	./.	./.	./.	./.	./.	./.	./.	./.	./.	./.	./.	./.	0/1	0/1	0/1	0/1	
Pt	7994	./.	./.	./.	./.	./.	./.	./.	./.	./.	./.	./.	./.	./.	./.	./.	./.	./.	./.	./.	./.	./.	./.	./.	./.	0/1	./.	./.	./.	./.	./.	./.	./.	./.	0/1	./.	./.	./.	./.	./.	./.	./.	./.	./.	./.	./.	
Pt	8008	./.	./.	./.	./.	./.	./.	./.	./.	./.	./.	./.	./.	./.	./.	./.	./.	./.	./.	./.	./.	./.	./.	./.	./.	./.	./.	./.	./.	./.	./.	./.	./.	./.	./.	./.	./.	./.	./.	./.	./.	./.	0|1	0/1	0/1	0/1	
Pt	8166	./.	./.	./.	./.	./.	./.	./.	./.	./.	./.	./.	./.	./.	./.	./.	./.	./.	./.	./.	./.	./.	./.	./.	./.	./.	./.	./.	./.	./.	./.	./.	./.	./.	./.	./.	./.	./.	./.	./.	./.	./.	0/1	0/1	0/1	0/1	
Pt	8397	./.	./.	./.	./.	./.	./.	./.	./.	./.	./.	./.	./.	./.	./.	./.	./.	./.	./.	./.	./.	./.	./.	./.	./.	./.	./.	./.	./.	./.	./.	./.	./.	./.	./.	./.	./.	./.	./.	./.	./.	./.	0/1	0/1	0/1	0/1	
Pt	8501	./.	./.	0/1	./.	0/1	./.	./.	./.	0/1	./.	./.	./.	./.	0/1	./.	0/1	./.	./.	./.	./.	0/1	0/1	./.	0/1	./.	./.	./.	./.	./.	0/1	./.	./.	0/1	./.	0/1	./.	./.	./.	./.	./.	./.	./.	./.	./.	./.	
Pt	8502	./.	./.	./.	./.	./.	./.	./.	./.	./.	./.	./.	./.	./.	./.	./.	./.	./.	./.	./.	./.	./.	./.	./.	./.	./.	./.	./.	./.	./.	./.	./.	./.	./.	./.	./.	./.	./.	./.	./.	./.	./.	0/1	0/1	0/1	0/1	
Pt	9666	./.	./.	./.	./.	./.	./.	./.	./.	./.	./.	./.	./.	./.	./.	./.	./.	./.	./.	./.	./.	./.	./.	./.	./.	./.	./.	./.	./.	./.	./.	./.	./.	./.	./.	./.	./.	./.	./.	./.	./.	./.	0/1	0/1	0/1	0/1	
Pt	9715	./.	./.	./.	./.	./.	./.	./.	./.	./.	./.	./.	./.	./.	./.	./.	./.	./.	./.	./.	./.	./.	./.	./.	./.	./.	./.	./.	./.	./.	./.	./.	./.	./.	./.	./.	./.	./.	./.	./.	./.	./.	0/1	0/1	0/1	0/1	
Pt	12831	./.	./.	./.	./.	./.	./.	./.	./.	./.	./.	./.	./.	./.	./.	./.	./.	./.	./.	./.	./.	./.	./.	./.	./.	./.	./.	./.	./.	./.	./.	./.	./.	./.	./.	./.	./.	./.	./.	./.	./.	./.	0/1	0/1	0/1	0|1	
Pt	12842	0/1	./.	./.	./.	0/1	./.	0/1	./.	./.	0/1	0/1	0/1	./.	0/1	0/1	0/1	0/1	0/1	0/1	0/1	0/1	./.	0/1	0/1	./.	./.	0/1	0/1	./.	./.	./.	0/1	./.	./.	./.	0/1	./.	./.	./.	./.	./.	./.	./.	./.	0|1	
Pt	16041	./.	./.	./.	./.	./.	./.	./.	./.	./.	./.	./.	./.	./.	./.	./.	./.	./.	./.	./.	./.	./.	./.	./.	./.	0/1	./.	./.	./.	./.	./.	./.	./.	./.	./.	./.	./.	./.	./.	./.	./.	./.	./.	./.	./.	./.	
Pt	16052	./.	./.	./.	./.	./.	./.	./.	./.	./.	./.	./.	./.	./.	./.	./.	./.	./.	./.	./.	./.	./.	./.	./.	./.	./.	./.	./.	./.	./.	./.	./.	./.	./.	./.	./.	./.	./.	./.	./.	./.	./.	0/1	0|1	0/1	0/1	
Pt	17823	./.	./.	./.	./.	./.	./.	./.	./.	./.	./.	./.	./.	./.	./.	./.	./.	./.	./.	./.	./.	./.	./.	./.	./.	./.	./.	./.	./.	./.	./.	./.	./.	./.	./.	./.	./.	./.	./.	./.	./.	./.	0/1	0/1	0/1	0/1	
Pt	23915	./.	./.	./.	./.	./.	./.	./.	./.	./.	./.	./.	./.	./.	./.	./.	./.	./.	./.	./.	./.	./.	./.	./.	./.	./.	./.	./.	./.	./.	./.	./.	./.	./.	./.	./.	./.	./.	./.	./.	./.	./.	0/1	0|1	0/1	0/1	
Pt	26999	./.	./.	./.	./.	./.	./.	./.	./.	./.	./.	./.	./.	./.	./.	./.	./.	./.	./.	./.	./.	./.	./.	./.	./.	./.	./.	./.	./.	./.	./.	./.	./.	./.	./.	./.	./.	./.	./.	./.	./.	./.	0/1	0/1	0/1	0/1	
Pt	27343	./.	./.	./.	./.	./.	./.	./.	./.	./.	./.	./.	./.	./.	./.	./.	./.	./.	./.	./.	./.	./.	./.	./.	./.	./.	./.	./.	./.	./.	./.	./.	./.	./.	./.	./.	./.	./.	./.	./.	./.	./.	0/1	0/1	0/1	0/1	
Pt	27538	./.	./.	./.	./.	./.	./.	./.	./.	./.	./.	./.	./.	./.	./.	./.	./.	./.	./.	./.	./.	./.	./.	./.	./.	./.	./.	./.	./.	./.	./.	./.	./.	./.	./.	./.	./.	./.	./.	./.	./.	./.	0/1	0/1	0/1	0/1	
Pt	28267	./.	0/1	0/1	./.	./.	./.	0/1	./.	0/1	./.	0/1	0/1	./.	./.	./.	0/1	./.	0/1	0/1	0/1	0/1	./.	0/1	0/1	./.	./.	1|0	0/1	./.	0/1	0/1	0/1	0/1	0/1	./.	./.	./.	0/1	0/1	0/1	0/1	0/1	0/1	0/1	0/1	
Pt	30175	./.	./.	./.	./.	./.	./.	./.	./.	./.	./.	./.	./.	./.	./.	./.	./.	./.	./.	./.	./.	./.	./.	./.	./.	./.	./.	./.	./.	./.	./.	./.	./.	./.	./.	./.	./.	./.	./.	./.	./.	./.	0/1	0|1	0/1	0/1	
Pt	30666	0/1	0/1	0/1	0/1	0/1	0/1	0/1	./.	0/1	./.	0/1	0/1	1|0	./.	./.	./.	./.	0/1	./.	./.	./.	0/1	./.	0/1	./.	0/1	0/1	./.	./.	./.	./.	0/1	0/1	0/1	./.	./.	./.	0/1	./.	./.	./.	./.	0/1	./.	0/1	
Pt	31308	./.	./.	./.	./.	./.	./.	./.	./.	./.	./.	./.	./.	./.	./.	./.	./.	./.	./.	./.	./.	./.	./.	./.	./.	./.	./.	./.	./.	./.	./.	./.	./.	0/1	./.	./.	./.	./.	./.	./.	0/1	./.	./.	./.	./.	./.	
Pt	31912	./.	./.	./.	./.	./.	./.	./.	./.	./.	./.	./.	./.	./.	./.	./.	./.	./.	./.	./.	./.	./.	./.	./.	./.	./.	./.	./.	./.	./.	./.	./.	./.	./.	./.	./.	./.	./.	./.	./.	./.	./.	0/1	0/1	0/1	0/1	
Pt	32369	0/1	0/1	./.	./.	./.	0/1	./.	./.	./.	0/1	./.	./.	./.	./.	./.	0/1	./.	0/1	0/1	./.	0/1	./.	0/1	./.	./.	0/1	./.	./.	./.	./.	./.	./.	./.	./.	./.	./.	./.	./.	./.	./.	./.	./.	0/1	./.	0/1	
Pt	36692	./.	./.	./.	./.	./.	./.	0/1	./.	./.	./.	./.	0/1	0/1	0/1	0/1	./.	./.	./.	./.	0/1	0/1	./.	./.	./.	./.	./.	./.	./.	./.	./.	./.	./.	./.	./.	./.	./.	./.	0/1	./.	./.	./.	./.	./.	./.	./.	
Pt	36798	./.	./.	./.	./.	./.	./.	./.	./.	./.	./.	./.	./.	./.	./.	./.	./.	./.	./.	./.	./.	./.	./.	./.	./.	./.	./.	./.	./.	./.	./.	./.	./.	./.	./.	./.	./.	./.	./.	./.	./.	./.	0/1	0/1	0/1	0/1	
Pt	37256	./.	./.	./.	./.	./.	./.	./.	./.	./.	./.	./.	./.	./.	./.	./.	./.	./.	./.	./.	./.	./.	./.	./.	./.	./.	./.	./.	./.	./.	./.	./.	./.	./.	./.	./.	./.	./.	./.	./.	./.	./.	0/1	0/1	0/1	0/1	
Pt	44138	./.	./.	./.	./.	./.	./.	./.	./.	./.	./.	./.	./.	./.	./.	./.	./.	./.	./.	./.	./.	./.	./.	./.	./.	./.	./.	./.	./.	./.	./.	./.	./.	./.	./.	./.	./.	./.	./.	./.	./.	./.	0/1	0/1	0/1	0/1	
Pt	46474	./.	./.	./.	./.	./.	./.	./.	./.	./.	./.	./.	./.	./.	./.	./.	./.	./.	./.	./.	./.	./.	./.	./.	./.	./.	./.	./.	./.	./.	./.	./.	./.	./.	./.	./.	./.	./.	./.	./.	./.	./.	0/1	0/1	0/1	0/1	
Pt	46541	./.	./.	./.	./.	./.	./.	./.	./.	./.	./.	./.	./.	./.	./.	./.	./.	./.	./.	./.	./.	./.	./.	./.	./.	./.	./.	./.	./.	./.	./.	./.	./.	./.	./.	./.	./.	./.	./.	./.	./.	./.	0/1	0/1	0/1	0/1	
Pt	49174	./.	./.	./.	./.	./.	./.	./.	./.	./.	./.	./.	./.	./.	./.	./.	./.	./.	./.	./.	./.	./.	./.	./.	./.	./.	./.	./.	./.	./.	./.	./.	./.	./.	./.	./.	./.	./.	./.	./.	./.	./.	0/1	0/1	0/1	0/1	
Pt	50688	./.	./.	./.	./.	./.	./.	./.	./.	./.	./.	./.	./.	./.	./.	./.	./.	./.	./.	./.	./.	./.	./.	./.	./.	./.	./.	./.	./.	./.	./.	./.	./.	./.	./.	./.	./.	./.	./.	./.	./.	./.	0/1	0/1	0/1	0/1	
Pt	57385	./.	./.	./.	./.	./.	./.	./.	0/1	./.	./.	./.	./.	./.	./.	./.	./.	./.	./.	./.	./.	./.	./.	./.	./.	0/1	./.	./.	./.	./.	./.	./.	./.	./.	./.	./.	./.	./.	./.	./.	./.	./.	./.	./.	./.	./.	
Pt	58549	./.	./.	./.	./.	./.	./.	./.	./.	./.	./.	./.	./.	./.	./.	./.	./.	./.	./.	./.	./.	./.	./.	./.	./.	./.	./.	./.	./.	./.	./.	./.	./.	./.	./.	./.	./.	./.	./.	./.	./.	./.	0/1	0|1	0/1	0/1	
Pt	58838	./.	./.	./.	./.	./.	./.	./.	./.	./.	./.	./.	./.	./.	./.	./.	./.	./.	./.	./.	./.	./.	./.	./.	./.	./.	./.	./.	./.	./.	./.	./.	./.	./.	./.	./.	./.	./.	./.	./.	./.	./.	0/1	0/1	0/1	0/1	
Pt	59046	./.	./.	./.	./.	./.	./.	./.	./.	./.	./.	./.	./.	./.	./.	./.	./.	./.	./.	./.	./.	./.	./.	./.	./.	./.	./.	./.	./.	./.	./.	./.	./.	./.	./.	./.	./.	./.	./.	./.	./.	./.	0/1	0/1	0/1	0/1	
Pt	65250	./.	./.	./.	./.	./.	./.	./.	./.	./.	./.	./.	./.	./.	./.	./.	./.	./.	./.	./.	./.	./.	./.	./.	./.	./.	./.	./.	./.	./.	./.	./.	./.	./.	./.	./.	./.	./.	./.	./.	./.	./.	0/1	0/1	0/1	0/1	
Pt	65545	./.	./.	./.	./.	./.	./.	./.	./.	./.	./.	./.	./.	./.	./.	./.	./.	./.	./.	./.	./.	./.	./.	./.	./.	./.	./.	./.	./.	./.	./.	./.	./.	./.	./.	./.	./.	./.	./.	./.	./.	./.	0/1	0/1	0/1	0/1	
Pt	66723	./.	./.	./.	./.	./.	./.	./.	./.	./.	./.	./.	./.	./.	./.	./.	./.	./.	./.	./.	./.	./.	./.	./.	./.	./.	./.	./.	./.	./.	./.	./.	./.	./.	./.	./.	./.	./.	./.	./.	./.	./.	0/1	0/1	0/1	0/1	
Pt	67163	./.	./.	./.	./.	./.	./.	./.	./.	./.	./.	./.	./.	./.	0/1	./.	./.	./.	./.	./.	./.	./.	./.	./.	./.	./.	./.	./.	./.	./.	./.	0/1	./.	./.	./.	./.	./.	./.	./.	./.	0/1	0/1	./.	./.	./.	./.	
Pt	67315	./.	./.	./.	./.	./.	./.	./.	./.	./.	./.	./.	./.	./.	./.	./.	./.	./.	./.	./.	./.	./.	./.	./.	./.	./.	./.	./.	./.	./.	./.	./.	./.	./.	./.	./.	./.	./.	./.	./.	./.	./.	0/1	0/1	0/1	0/1	
Pt	67857	./.	./.	./.	./.	./.	./.	./.	./.	./.	./.	./.	./.	./.	./.	./.	./.	./.	./.	./.	./.	./.	./.	./.	./.	./.	./.	./.	./.	./.	./.	./.	./.	./.	./.	./.	./.	./.	./.	./.	./.	./.	0/1	0/1	0/1	0/1	
Pt	69342	./.	./.	./.	./.	./.	./.	./.	./.	./.	./.	./.	./.	./.	./.	./.	./.	./.	./.	./.	./.	./.	./.	./.	./.	./.	./.	./.	./.	./.	./.	./.	./.	./.	./.	./.	./.	./.	./.	./.	./.	./.	0|1	0|1	0|1	0|1	
Pt	69347	./.	./.	./.	./.	./.	./.	./.	./.	./.	./.	./.	./.	./.	./.	./.	./.	./.	./.	./.	./.	./.	./.	./.	./.	./.	./.	./.	./.	./.	./.	./.	./.	./.	./.	./.	./.	./.	./.	./.	./.	./.	0|1	0|1	0|1	0|1	
Pt	72592	./.	./.	./.	./.	./.	./.	./.	./.	./.	./.	./.	./.	./.	./.	./.	./.	./.	./.	./.	./.	./.	./.	./.	./.	./.	./.	./.	./.	./.	./.	./.	./.	./.	./.	./.	./.	./.	./.	./.	./.	./.	0/1	0/1	0/1	0/1	
Pt	74142	0/1	0/1	./.	0/1	./.	0/1	./.	./.	0/1	./.	0/1	0/1	0/1	0/1	./.	0/1	0/1	0/1	0/1	./.	0/1	./.	0/1	./.	./.	0/1	0/1	0/1	0/1	./.	0/1	0/1	0/1	0/1	./.	0/1	0/1	0/1	0/1	0/1	0/1	0/1	./.	./.	0/1	
Pt	74255	./.	./.	./.	./.	./.	./.	./.	./.	./.	./.	./.	./.	./.	./.	./.	./.	./.	./.	./.	./.	./.	./.	./.	./.	./.	./.	./.	./.	./.	./.	./.	./.	./.	./.	./.	./.	./.	./.	./.	./.	./.	0/1	0/1	0/1	0/1	
Pt	80688	./.	./.	./.	./.	./.	./.	./.	./.	./.	./.	./.	./.	./.	./.	./.	./.	./.	./.	./.	./.	./.	./.	./.	./.	./.	./.	./.	./.	./.	./.	./.	./.	./.	./.	./.	./.	./.	./.	./.	./.	./.	0/1	0/1	0/1	0/1	
Pt	82189	./.	./.	./.	./.	./.	./.	./.	./.	./.	./.	./.	./.	./.	./.	./.	./.	./.	./.	./.	./.	./.	./.	./.	./.	./.	./.	./.	./.	./.	./.	./.	./.	./.	./.	./.	./.	./.	./.	./.	./.	./.	0/1	0/1	0/1	0/1	
Pt	82349	./.	./.	./.	./.	./.	./.	./.	./.	./.	./.	./.	./.	./.	./.	./.	./.	./.	./.	./.	./.	./.	./.	./.	./.	./.	./.	./.	./.	./.	./.	./.	./.	./.	./.	./.	./.	./.	./.	./.	./.	./.	0/1	0/1	0/1	0/1	
Pt	83321	./.	./.	./.	./.	./.	./.	./.	./.	./.	./.	./.	./.	./.	./.	./.	./.	./.	./.	./.	./.	./.	./.	./.	./.	./.	./.	./.	./.	./.	./.	./.	./.	./.	./.	./.	./.	./.	./.	./.	./.	./.	0/1	0/1	0/1	0/1	
Pt	112668	./.	./.	./.	./.	./.	./.	./.	./.	./.	./.	./.	./.	./.	./.	./.	./.	./.	./.	./.	./.	./.	./.	./.	./.	./.	./.	./.	./.	./.	./.	./.	./.	./.	./.	./.	./.	./.	./.	./.	./.	./.	0/1	0/1	0/1	0/1	
Pt	112742	./.	./.	./.	./.	./.	./.	./.	./.	./.	./.	./.	./.	./.	./.	./.	./.	./.	./.	./.	./.	./.	./.	./.	./.	./.	./.	./.	./.	./.	./.	./.	./.	./.	./.	./.	./.	./.	./.	./.	./.	./.	0/1	0/1	0/1	0/1	
Pt	113770	./.	./.	./.	./.	./.	./.	./.	./.	./.	./.	./.	./.	./.	./.	./.	./.	./.	./.	./.	./.	./.	./.	./.	./.	./.	./.	./.	./.	./.	./.	./.	./.	./.	./.	./.	./.	./.	./.	./.	./.	./.	0/1	0/1	0/1	0/1	
Pt	115009	./.	./.	./.	./.	./.	./.	./.	./.	./.	./.	./.	./.	./.	./.	./.	./.	./.	./.	./.	./.	./.	./.	./.	./.	./.	./.	./.	./.	./.	./.	./.	./.	./.	./.	./.	./.	./.	./.	./.	./.	./.	0/1	1|0	0/1	1|0	
Pt	115475	./.	./.	./.	./.	./.	./.	./.	./.	./.	./.	./.	./.	./.	./.	./.	./.	./.	./.	./.	./.	./.	./.	./.	./.	./.	./.	./.	./.	./.	./.	./.	./.	./.	./.	./.	./.	./.	./.	./.	./.	./.	0/1	0/1	0/1	0/1	
Pt	120674	./.	./.	0/1	./.	./.	./.	./.	./.	./.	0/1	./.	./.	./.	./.	./.	./.	./.	0/1	./.	./.	./.	./.	./.	./.	./.	./.	0/1	./.	./.	./.	./.	./.	./.	./.	./.	./.	./.	./.	./.	./.	./.	./.	./.	./.	./.	
Pt	125515	./.	./.	./.	./.	./.	./.	./.	./.	./.	./.	./.	./.	./.	./.	./.	./.	./.	./.	./.	./.	./.	./.	./.	./.	./.	./.	./.	./.	./.	./.	./.	./.	./.	./.	./.	./.	./.	./.	./.	./.	./.	0/1	0/1	0/1	0/1	
Pt	128183	./.	./.	./.	./.	./.	./.	./.	./.	./.	./.	./.	./.	./.	./.	./.	./.	./.	./.	./.	./.	./.	./.	./.	./.	./.	./.	./.	./.	./.	./.	./.	./.	./.	./.	./.	./.	./.	./.	./.	./.	./.	0/1	0/1	0/1	0/1	
